<?xml version="1.0" encoding="UTF-8"?>
<project-private xmlns="http://www.netbeans.org/ns/project-private/1">
    <editor-bookmarks xmlns="http://www.netbeans.org/ns/editor-bookmarks/2" lastBookmarkId="0"/>
    <open-files xmlns="http://www.netbeans.org/ns/projectui-open-files/2">
        <group>
            <file>file:/C:/Users/Eng%20Michael/Documents/NetBeansProjects/rentahouse/web/Home/dashboard.xhtml</file>
            <file>file:/C:/Users/Eng%20Michael/Documents/NetBeansProjects/rentahouse/src/java/Controller/actioncontrol.java</file>
            <file>file:/C:/Users/Eng%20Michael/Documents/NetBeansProjects/rentahouse/src/java/Model/Location.java</file>
            <file>file:/C:/Users/Eng%20Michael/Documents/NetBeansProjects/rentahouse/web/what.xhtml</file>
            <file>file:/C:/Users/Eng%20Michael/Documents/NetBeansProjects/rentahouse/src/java/Repository/uploaddao.java</file>
            <file>file:/C:/Users/Eng%20Michael/Documents/NetBeansProjects/rentahouse/web/home.xhtml</file>
            <file>file:/C:/Users/Eng%20Michael/Documents/NetBeansProjects/rentahouse/web/Home/deletedaccount.xhtml</file>
            <file>file:/C:/Users/Eng%20Michael/Documents/NetBeansProjects/rentahouse/src/java/Model/uploads.java</file>
            <file>file:/C:/Users/Eng%20Michael/Documents/NetBeansProjects/rentahouse/src/java/Repository/LocationDao.java</file>
            <file>file:/C:/Users/Eng%20Michael/Documents/NetBeansProjects/rentahouse/src/java/Model/Booking.java</file>
            <file>file:/C:/Users/Eng%20Michael/Documents/NetBeansProjects/rentahouse/src/java/Controller/uploadbean.java</file>
            <file>file:/C:/Users/Eng%20Michael/Documents/NetBeansProjects/rentahouse/web/Home/profile.xhtml</file>
            <file>file:/C:/Users/Eng%20Michael/Documents/NetBeansProjects/rentahouse/src/java/Controller/customerbean.java</file>
            <file>file:/C:/Users/Eng%20Michael/Documents/NetBeansProjects/rentahouse/web/helper/location.xhtml</file>
            <file>file:/C:/Users/Eng%20Michael/Documents/NetBeansProjects/rentahouse/src/java/Model/Customer.java</file>
            <file>file:/C:/Users/Eng%20Michael/Documents/NetBeansProjects/rentahouse/web/Home/profilemodal.xhtml</file>
            <file>file:/C:/Users/Eng%20Michael/Documents/NetBeansProjects/rentahouse/src/java/Controller/locationbean.java</file>
            <file>file:/C:/Users/Eng%20Michael/Documents/NetBeansProjects/rentahouse/src/java/test.java</file>
            <file>file:/C:/Users/Eng%20Michael/Documents/NetBeansProjects/rentahouse/web/Home/booking.xhtml</file>
            <file>file:/C:/Users/Eng%20Michael/Documents/NetBeansProjects/rentahouse/web/signup.xhtml</file>
            <file>file:/C:/Users/Eng%20Michael/Documents/NetBeansProjects/rentahouse/src/java/hibernate.cfg.xml</file>
            <file>file:/C:/Users/Eng%20Michael/Documents/NetBeansProjects/rentahouse/src/java/Repository/Customerdao.java</file>
            <file>file:/C:/Users/Eng%20Michael/Documents/NetBeansProjects/rentahouse/src/java/Repository/Bookingdao.java</file>
            <file>file:/C:/Users/Eng%20Michael/Documents/NetBeansProjects/rentahouse/web/login.xhtml</file>
            <file>file:/C:/Users/Eng%20Michael/Documents/NetBeansProjects/rentahouse/web/css/rent.css</file>
            <file>file:/C:/Users/Eng%20Michael/Documents/NetBeansProjects/rentahouse/web/Home/uploads.xhtml</file>
        </group>
    </open-files>
</project-private>
